{"cameraMode":{"drawMode":0,"name":"Shaded","section":"Shading Mode"},"sceneLighting":false,"audioPlay":false,"sceneViewState":{"m_AlwaysRefresh":false,"showFog":true,"showSkybox":false,"showFlares":true,"showImageEffects":true,"showParticleSystems":true,"showVisualEffectGraphs":true,"m_FxEnabled":true},"in2DMode":false,"pivot":{"x":10.025318145751954,"y":5.215039253234863,"z":5.787559986114502},"rotation":{"x":0.10479192435741425,"y":0.017006808891892434,"z":-0.0017922582337632776,"w":0.9943487644195557},"size":2.1614701747894289,"orthographic":false}