{"cameraMode":{"drawMode":0,"name":"Shaded","section":"Shading Mode"},"sceneLighting":false,"audioPlay":false,"sceneViewState":{"m_AlwaysRefresh":false,"showFog":true,"showSkybox":false,"showFlares":true,"showImageEffects":true,"showParticleSystems":true,"showVisualEffectGraphs":true,"m_FxEnabled":true},"in2DMode":false,"pivot":{"x":21.22433853149414,"y":0.9000002145767212,"z":24.107561111450197},"rotation":{"x":0.14123867452144624,"y":0.05046595633029938,"z":-0.00720846327021718,"w":0.9886646866798401},"size":1.8569872379302979,"orthographic":false}