{"cameraMode":{"drawMode":0,"name":"Shaded","section":"Shading Mode"},"sceneLighting":true,"audioPlay":false,"sceneViewState":{"m_AlwaysRefresh":false,"showFog":true,"showSkybox":true,"showFlares":true,"showImageEffects":true,"showParticleSystems":true,"showVisualEffectGraphs":true,"m_FxEnabled":true},"in2DMode":false,"pivot":{"x":1.5454275608062745,"y":4.924742221832275,"z":-0.9024896621704102},"rotation":{"x":-0.06924687325954437,"y":-0.014368033967912197,"z":0.0009974879212677479,"w":-0.9974967241287231},"size":5.617766380310059,"orthographic":false}