{"cameraMode":{"drawMode":0,"name":"Shaded","section":"Shading Mode"},"sceneLighting":true,"audioPlay":false,"sceneViewState":{"m_AlwaysRefresh":false,"showFog":true,"showSkybox":true,"showFlares":true,"showImageEffects":true,"showParticleSystems":true,"showVisualEffectGraphs":true,"m_FxEnabled":true},"in2DMode":false,"pivot":{"x":2.0077602863311769,"y":5.428920745849609,"z":-0.6562244892120361},"rotation":{"x":0.013189353048801422,"y":-0.008402016013860703,"z":-0.00011090222687926143,"w":-0.9998783469200134},"size":6.278966426849365,"orthographic":false}