{"cameraMode":{"drawMode":0,"name":"Shaded","section":"Shading Mode"},"sceneLighting":true,"audioPlay":false,"sceneViewState":{"m_AlwaysRefresh":false,"showFog":true,"showSkybox":true,"showFlares":true,"showImageEffects":true,"showParticleSystems":true,"showVisualEffectGraphs":true,"m_FxEnabled":true},"in2DMode":false,"pivot":{"x":-0.2347874939441681,"y":-1.485081672668457,"z":-1.7903163433074952},"rotation":{"x":-0.12596139311790467,"y":-0.014287739992141724,"z":0.0018137801671400667,"w":-0.9919330477714539},"size":3.5660250186920168,"orthographic":false}