{"cameraMode":{"drawMode":0,"name":"Shaded","section":"Shading Mode"},"sceneLighting":true,"audioPlay":false,"sceneViewState":{"m_AlwaysRefresh":false,"showFog":true,"showSkybox":true,"showFlares":true,"showImageEffects":true,"showParticleSystems":true,"showVisualEffectGraphs":true,"m_FxEnabled":true},"in2DMode":false,"pivot":{"x":-5.822508811950684,"y":18.627342224121095,"z":-0.8369169235229492},"rotation":{"x":0.02699192427098751,"y":0.019482482224702836,"z":0.0005279274191707373,"w":-0.9994540214538574},"size":7.624972820281982,"orthographic":false}