{"cameraMode":{"drawMode":0,"name":"Shaded","section":"Shading Mode"},"sceneLighting":true,"audioPlay":false,"sceneViewState":{"m_AlwaysRefresh":false,"showFog":true,"showSkybox":true,"showFlares":true,"showImageEffects":true,"showParticleSystems":true,"showVisualEffectGraphs":true,"m_FxEnabled":true},"in2DMode":false,"pivot":{"x":-0.5112584233283997,"y":10.802974700927735,"z":-8.011198043823243},"rotation":{"x":0.0928635522723198,"y":0.007467546500265598,"z":-0.0006963605992496014,"w":0.9956519603729248},"size":14.48394775390625,"orthographic":false}