{"cameraMode":{"drawMode":0,"name":"Shaded","section":"Shading Mode"},"sceneLighting":true,"audioPlay":false,"sceneViewState":{"m_AlwaysRefresh":false,"showFog":true,"showSkybox":true,"showFlares":true,"showImageEffects":true,"showParticleSystems":true,"showVisualEffectGraphs":true,"m_FxEnabled":true},"in2DMode":false,"pivot":{"x":-0.5972384214401245,"y":19.488279342651368,"z":3.330672264099121},"rotation":{"x":-0.19287516176700593,"y":-0.09404520690441132,"z":0.01857762783765793,"w":-0.9765365719795227},"size":6.097558498382568,"orthographic":false}